time-step,cId,c.cpu(full/unused),c.storage(full/unused),c.ram(full/unused),c.currUsersAllocated
1,c0,"(224000, 148465)","(147456, 78728)","(311296, 126630)","['v62', 'v21', 'v20', 'v95', 'v27']"
1,c1,"(224000, 224000)","(147456, 147456)","(311296, 311296)",[]
1,c2,"(224000, 224000)","(147456, 147456)","(311296, 311296)",[]
1,c3,"(224000, 224000)","(147456, 147456)","(311296, 311296)",[]
1,c4,"(224000, 224000)","(147456, 147456)","(311296, 311296)",[]
1,c5,"(224000, 224000)","(147456, 147456)","(311296, 311296)",[]
1,c6,"(224000, 224000)","(147456, 147456)","(311296, 311296)",[]
1,c7,"(224000, 224000)","(147456, 147456)","(311296, 311296)",[]
1,c8,"(224000, 224000)","(147456, 147456)","(311296, 311296)",[]
1,c9,"(224000, 224000)","(147456, 147456)","(311296, 311296)",[]
1,c10,"(224000, 148095)","(147456, 72854)","(311296, 168262)","['v22', 'v18', 'v3', 'v17', 'v2', 'v10', 'v23']"
1,c11,"(224000, 224000)","(147456, 147456)","(311296, 311296)",[]
1,c12,"(224000, 224000)","(147456, 147456)","(311296, 311296)",[]
1,c13,"(224000, 224000)","(147456, 147456)","(311296, 311296)",[]
1,c14,"(224000, 224000)","(147456, 147456)","(311296, 311296)",[]
1,c15,"(224000, 224000)","(147456, 147456)","(311296, 311296)",[]
1,c16,"(224000, 224000)","(147456, 147456)","(311296, 311296)",[]
1,c17,"(224000, 224000)","(147456, 147456)","(311296, 311296)",[]
1,c18,"(224000, 224000)","(147456, 147456)","(311296, 311296)",[]
1,c19,"(224000, 224000)","(147456, 147456)","(311296, 311296)",[]
1,c20,"(224000, 224000)","(147456, 147456)","(311296, 311296)",[]
1,c21,"(224000, 224000)","(147456, 147456)","(311296, 311296)",[]
1,c22,"(224000, 224000)","(147456, 147456)","(311296, 311296)",[]
1,c23,"(224000, 224000)","(147456, 147456)","(311296, 311296)",[]
1,c24,"(224000, 224000)","(147456, 147456)","(311296, 311296)",[]
1,c25,"(224000, 224000)","(147456, 147456)","(311296, 311296)",[]
1,c26,"(224000, 224000)","(147456, 147456)","(311296, 311296)",[]
1,c27,"(224000, 224000)","(147456, 147456)","(311296, 311296)",[]
1,c28,"(224000, 224000)","(147456, 147456)","(311296, 311296)",[]
1,c29,"(224000, 224000)","(147456, 147456)","(311296, 311296)",[]
1,c30,"(224000, 224000)","(147456, 147456)","(311296, 311296)",[]
1,c31,"(224000, 224000)","(147456, 147456)","(311296, 311296)",[]
1,c32,"(224000, 224000)","(147456, 147456)","(311296, 311296)",[]
1,c33,"(224000, 224000)","(147456, 147456)","(311296, 311296)",[]
1,c34,"(224000, 224000)","(147456, 147456)","(311296, 311296)",[]
1,c35,"(224000, 224000)","(147456, 147456)","(311296, 311296)",[]
1,c36,"(224000, 224000)","(147456, 147456)","(311296, 311296)",[]
1,c37,"(224000, 224000)","(147456, 147456)","(311296, 311296)",[]
1,c38,"(224000, 224000)","(147456, 147456)","(311296, 311296)",[]
1,c39,"(224000, 224000)","(147456, 147456)","(311296, 311296)",[]
1,c40,"(224000, 224000)","(147456, 147456)","(311296, 311296)",[]
1,c41,"(224000, 224000)","(147456, 147456)","(311296, 311296)",[]
1,c42,"(224000, 224000)","(147456, 147456)","(311296, 311296)",[]
1,c43,"(224000, 224000)","(147456, 147456)","(311296, 311296)",[]
1,c44,"(224000, 224000)","(147456, 147456)","(311296, 311296)",[]
1,c45,"(224000, 87286)","(147456, 4030)","(311296, 81545)","['v8', 'v7', 'v24', 'v1', 'v13', 'v9', 'v43', 'v16', 'v12', 'v4', 'v25', 'v0']"
1,c46,"(224000, 224000)","(147456, 147456)","(311296, 311296)",[]
1,c47,"(224000, 224000)","(147456, 147456)","(311296, 311296)",[]
1,c48,"(224000, 224000)","(147456, 147456)","(311296, 311296)",[]
1,c49,"(224000, 224000)","(147456, 147456)","(311296, 311296)",[]
1,c50,"(224000, 132232)","(147456, 56552)","(311296, 102557)","['v11', 'v5', 'v76', 'v19', 'v35', 'v6', 'v14', 'v15']"
61,c0,"(224000, 224000)","(147456, 147456)","(311296, 311296)",[]
61,c1,"(224000, 224000)","(147456, 147456)","(311296, 311296)",[]
61,c2,"(224000, 224000)","(147456, 147456)","(311296, 311296)",[]
61,c3,"(224000, 224000)","(147456, 147456)","(311296, 311296)",[]
61,c4,"(224000, 224000)","(147456, 147456)","(311296, 311296)",[]
61,c5,"(224000, 84542)","(147456, 23975)","(311296, 3990)","['v11', 'v33', 'v46', 'v5', 'v76', 'v19', 'v30', 'v35', 'v6', 'v83']"
61,c6,"(224000, 224000)","(147456, 147456)","(311296, 311296)",[]
61,c7,"(224000, 224000)","(147456, 147456)","(311296, 311296)",[]
61,c8,"(224000, 224000)","(147456, 147456)","(311296, 311296)",[]
61,c9,"(224000, 92081)","(147456, 23619)","(311296, 53546)","['v22', 'v54', 'v18', 'v3', 'v17', 'v98', 'v2', 'v78', 'v10', 'v23']"
61,c10,"(224000, 224000)","(147456, 147456)","(311296, 311296)",[]
61,c11,"(224000, 224000)","(147456, 147456)","(311296, 311296)",[]
61,c12,"(224000, 224000)","(147456, 147456)","(311296, 311296)",[]
61,c13,"(224000, 224000)","(147456, 147456)","(311296, 311296)",[]
61,c14,"(224000, 224000)","(147456, 147456)","(311296, 311296)",[]
61,c15,"(224000, 224000)","(147456, 147456)","(311296, 311296)",[]
61,c16,"(224000, 224000)","(147456, 147456)","(311296, 311296)",[]
61,c17,"(224000, 224000)","(147456, 147456)","(311296, 311296)",[]
61,c18,"(224000, 224000)","(147456, 147456)","(311296, 311296)",[]
61,c19,"(224000, 224000)","(147456, 147456)","(311296, 311296)",[]
61,c20,"(224000, 224000)","(147456, 147456)","(311296, 311296)",[]
61,c21,"(224000, 35633)","(147456, 7168)","(311296, 3954)","['v8', 'v73', 'v89', 'v7', 'v24', 'v90', 'v1', 'v13', 'v9', 'v43', 'v25']"
61,c22,"(224000, 224000)","(147456, 147456)","(311296, 311296)",[]
61,c23,"(224000, 224000)","(147456, 147456)","(311296, 311296)",[]
61,c24,"(224000, 224000)","(147456, 147456)","(311296, 311296)",[]
61,c25,"(224000, 207945)","(147456, 130993)","(311296, 245475)",['v92']
61,c26,"(224000, 224000)","(147456, 147456)","(311296, 311296)",[]
61,c27,"(224000, 224000)","(147456, 147456)","(311296, 311296)",[]
61,c28,"(224000, 224000)","(147456, 147456)","(311296, 311296)",[]
61,c29,"(224000, 224000)","(147456, 147456)","(311296, 311296)",[]
61,c30,"(224000, 191912)","(147456, 91828)","(311296, 254302)","['v14', 'v69', 'v26', 'v15', 'v72']"
61,c31,"(224000, 224000)","(147456, 147456)","(311296, 311296)",[]
61,c32,"(224000, 224000)","(147456, 147456)","(311296, 311296)",[]
61,c33,"(224000, 224000)","(147456, 147456)","(311296, 311296)",[]
61,c34,"(224000, 187623)","(147456, 78795)","(311296, 241366)","['v85', 'v16', 'v12', 'v4', 'v0']"
61,c35,"(224000, 224000)","(147456, 147456)","(311296, 311296)",[]
61,c36,"(224000, 224000)","(147456, 147456)","(311296, 311296)",[]
61,c37,"(224000, 224000)","(147456, 147456)","(311296, 311296)",[]
61,c38,"(224000, 224000)","(147456, 147456)","(311296, 311296)",[]
61,c39,"(224000, 224000)","(147456, 147456)","(311296, 311296)",[]
61,c40,"(224000, 224000)","(147456, 147456)","(311296, 311296)",[]
61,c41,"(224000, 224000)","(147456, 147456)","(311296, 311296)",[]
61,c42,"(224000, 224000)","(147456, 147456)","(311296, 311296)",[]
61,c43,"(224000, 224000)","(147456, 147456)","(311296, 311296)",[]
61,c44,"(224000, 224000)","(147456, 147456)","(311296, 311296)",[]
61,c45,"(224000, 224000)","(147456, 147456)","(311296, 311296)",[]
61,c46,"(224000, 224000)","(147456, 147456)","(311296, 311296)",[]
61,c47,"(224000, 224000)","(147456, 147456)","(311296, 311296)",[]
61,c48,"(224000, 84539)","(147456, 46148)","(311296, 61192)","['v40', 'v62', 'v44', 'v21', 'v20', 'v95', 'v27']"
61,c49,"(224000, 224000)","(147456, 147456)","(311296, 311296)",[]
61,c50,"(224000, 224000)","(147456, 147456)","(311296, 311296)",[]
121,c0,"(224000, 224000)","(147456, 147456)","(311296, 311296)",[]
121,c1,"(224000, 224000)","(147456, 147456)","(311296, 311296)",[]
121,c2,"(224000, 224000)","(147456, 147456)","(311296, 311296)",[]
121,c3,"(224000, 179843)","(147456, 79117)","(311296, 192657)","['v99', 'v51', 'v74', 'v75', 'v88']"
121,c4,"(224000, 224000)","(147456, 147456)","(311296, 311296)",[]
121,c5,"(224000, 224000)","(147456, 147456)","(311296, 311296)",[]
121,c6,"(224000, 224000)","(147456, 147456)","(311296, 311296)",[]
121,c7,"(224000, 224000)","(147456, 147456)","(311296, 311296)",[]
121,c8,"(224000, 224000)","(147456, 147456)","(311296, 311296)",[]
121,c9,"(224000, 224000)","(147456, 147456)","(311296, 311296)",[]
121,c10,"(224000, 192153)","(147456, 108388)","(311296, 221275)","['v57', 'v42', 'v48', 'v59']"
121,c11,"(224000, 224000)","(147456, 147456)","(311296, 311296)",[]
121,c12,"(224000, 224000)","(147456, 147456)","(311296, 311296)",[]
121,c13,"(224000, 224000)","(147456, 147456)","(311296, 311296)",[]
121,c14,"(224000, 224000)","(147456, 147456)","(311296, 311296)",[]
121,c15,"(224000, 224000)","(147456, 147456)","(311296, 311296)",[]
121,c16,"(224000, 224000)","(147456, 147456)","(311296, 311296)",[]
121,c17,"(224000, 224000)","(147456, 147456)","(311296, 311296)",[]
121,c18,"(224000, 224000)","(147456, 147456)","(311296, 311296)",[]
121,c19,"(224000, 224000)","(147456, 147456)","(311296, 311296)",[]
121,c20,"(224000, 224000)","(147456, 147456)","(311296, 311296)",[]
121,c21,"(224000, 35633)","(147456, 7168)","(311296, 3954)","['v8', 'v73', 'v89', 'v7', 'v24', 'v90', 'v1', 'v13', 'v9', 'v43', 'v25']"
121,c22,"(224000, 224000)","(147456, 147456)","(311296, 311296)",[]
121,c23,"(224000, 224000)","(147456, 147456)","(311296, 311296)",[]
121,c24,"(224000, 224000)","(147456, 147456)","(311296, 311296)",[]
121,c25,"(224000, 224000)","(147456, 147456)","(311296, 311296)",[]
121,c26,"(224000, 80568)","(147456, 20852)","(311296, 26)","['v11', 'v33', 'v67', 'v46', 'v5', 'v76', 'v19', 'v35', 'v6', 'v83', 'v69']"
121,c27,"(224000, 224000)","(147456, 147456)","(311296, 311296)",[]
121,c28,"(224000, 224000)","(147456, 147456)","(311296, 311296)",[]
121,c29,"(224000, 224000)","(147456, 147456)","(311296, 311296)",[]
121,c30,"(224000, 224000)","(147456, 147456)","(311296, 311296)",[]
121,c31,"(224000, 224000)","(147456, 147456)","(311296, 311296)",[]
121,c32,"(224000, 224000)","(147456, 147456)","(311296, 311296)",[]
121,c33,"(224000, 224000)","(147456, 147456)","(311296, 311296)",[]
121,c34,"(224000, 187623)","(147456, 78795)","(311296, 241366)","['v85', 'v16', 'v12', 'v4', 'v0']"
121,c35,"(224000, 224000)","(147456, 147456)","(311296, 311296)",[]
121,c36,"(224000, 224000)","(147456, 147456)","(311296, 311296)",[]
121,c37,"(224000, 277)","(147456, 10175)","(311296, 24760)","['v40', 'v84', 'v93', 'v62', 'v44', 'v28', 'v68', 'v21', 'v20', 'v82']"
121,c38,"(224000, 224000)","(147456, 147456)","(311296, 311296)",[]
121,c39,"(224000, 224000)","(147456, 147456)","(311296, 311296)",[]
121,c40,"(224000, 175985)","(147456, 114678)","(311296, 212867)","['v64', 'v56']"
121,c41,"(224000, 224000)","(147456, 147456)","(311296, 311296)",[]
121,c42,"(224000, 224000)","(147456, 147456)","(311296, 311296)",[]
121,c43,"(224000, 224000)","(147456, 147456)","(311296, 311296)",[]
121,c44,"(224000, 224000)","(147456, 147456)","(311296, 311296)",[]
121,c45,"(224000, 224000)","(147456, 147456)","(311296, 311296)",[]
121,c46,"(224000, 92081)","(147456, 23619)","(311296, 53546)","['v22', 'v54', 'v18', 'v3', 'v17', 'v98', 'v2', 'v78', 'v10', 'v23']"
121,c47,"(224000, 224000)","(147456, 147456)","(311296, 311296)",[]
121,c48,"(224000, 224000)","(147456, 147456)","(311296, 311296)",[]
121,c49,"(224000, 224000)","(147456, 147456)","(311296, 311296)",[]
121,c50,"(224000, 224000)","(147456, 147456)","(311296, 311296)",[]
181,c0,"(224000, 224000)","(147456, 147456)","(311296, 311296)",[]
181,c1,"(224000, 139887)","(147456, 13002)","(311296, 77594)","['v30', 'v49', 'v14', 'v92', 'v32', 'v81', 'v26', 'v15', 'v72']"
181,c2,"(224000, 224000)","(147456, 147456)","(311296, 311296)",[]
181,c3,"(224000, 35633)","(147456, 7168)","(311296, 3954)","['v8', 'v73', 'v89', 'v7', 'v24', 'v90', 'v1', 'v13', 'v9', 'v43', 'v25']"
181,c4,"(224000, 224000)","(147456, 147456)","(311296, 311296)",[]
181,c5,"(224000, 191934)","(147456, 130897)","(311296, 278441)",['v96']
181,c6,"(224000, 224000)","(147456, 147456)","(311296, 311296)",[]
181,c7,"(224000, 224000)","(147456, 147456)","(311296, 311296)",[]
181,c8,"(224000, 224000)","(147456, 147456)","(311296, 311296)",[]
181,c9,"(224000, 224000)","(147456, 147456)","(311296, 311296)",[]
181,c10,"(224000, 112384)","(147456, 59261)","(311296, 90524)","['v34', 'v91', 'v53', 'v57', 'v42', 'v48', 'v59']"
181,c11,"(224000, 224000)","(147456, 147456)","(311296, 311296)",[]
181,c12,"(224000, 45)","(147456, 32696)","(311296, 81796)","['v52', 'v40', 'v84', 'v93', 'v62', 'v44', 'v31']"
181,c13,"(224000, 224000)","(147456, 147456)","(311296, 311296)",[]
181,c14,"(224000, 224000)","(147456, 147456)","(311296, 311296)",[]
181,c15,"(224000, 224000)","(147456, 147456)","(311296, 311296)",[]
181,c16,"(224000, 224000)","(147456, 147456)","(311296, 311296)",[]
181,c17,"(224000, 83890)","(147456, 17567)","(311296, 45263)","['v22', 'v54', 'v18', 'v3', 'v17', 'v98', 'v2', 'v78', 'v70', 'v10', 'v79', 'v23']"
181,c18,"(224000, 80568)","(147456, 20852)","(311296, 26)","['v11', 'v33', 'v67', 'v46', 'v5', 'v76', 'v19', 'v35', 'v6', 'v83', 'v69']"
181,c19,"(224000, 224000)","(147456, 147456)","(311296, 311296)",[]
181,c20,"(224000, 224000)","(147456, 147456)","(311296, 311296)",[]
181,c21,"(224000, 224000)","(147456, 147456)","(311296, 311296)",[]
181,c22,"(224000, 224000)","(147456, 147456)","(311296, 311296)",[]
181,c23,"(224000, 224000)","(147456, 147456)","(311296, 311296)",[]
181,c24,"(224000, 224000)","(147456, 147456)","(311296, 311296)",[]
181,c25,"(224000, 224000)","(147456, 147456)","(311296, 311296)",[]
181,c26,"(224000, 224000)","(147456, 147456)","(311296, 311296)",[]
181,c27,"(224000, 224000)","(147456, 147456)","(311296, 311296)",[]
181,c28,"(224000, 224000)","(147456, 147456)","(311296, 311296)",[]
181,c29,"(224000, 224000)","(147456, 147456)","(311296, 311296)",[]
181,c30,"(224000, 151807)","(147456, 92023)","(311296, 139270)","['v45', 'v36', 'v80', 'v71', 'v37']"
181,c31,"(224000, 224000)","(147456, 147456)","(311296, 311296)",[]
181,c32,"(224000, 224000)","(147456, 147456)","(311296, 311296)",[]
181,c33,"(224000, 224000)","(147456, 147456)","(311296, 311296)",[]
181,c34,"(224000, 224000)","(147456, 147456)","(311296, 311296)",[]
181,c35,"(224000, 224000)","(147456, 147456)","(311296, 311296)",[]
181,c36,"(224000, 224000)","(147456, 147456)","(311296, 311296)",[]
181,c37,"(224000, 224000)","(147456, 147456)","(311296, 311296)",[]
181,c38,"(224000, 224000)","(147456, 147456)","(311296, 311296)",[]
181,c39,"(224000, 79970)","(147456, 20625)","(311296, 120)","['v28', 'v64', 'v68', 'v21', 'v97', 'v20', 'v58', 'v56', 'v82', 'v41', 'v77']"
181,c40,"(224000, 224000)","(147456, 147456)","(311296, 311296)",[]
181,c41,"(224000, 224000)","(147456, 147456)","(311296, 311296)",[]
181,c42,"(224000, 224000)","(147456, 147456)","(311296, 311296)",[]
181,c43,"(224000, 224000)","(147456, 147456)","(311296, 311296)",[]
181,c44,"(224000, 224000)","(147456, 147456)","(311296, 311296)",[]
181,c45,"(224000, 224000)","(147456, 147456)","(311296, 311296)",[]
181,c46,"(224000, 224000)","(147456, 147456)","(311296, 311296)",[]
181,c47,"(224000, 224000)","(147456, 147456)","(311296, 311296)",[]
181,c48,"(224000, 224000)","(147456, 147456)","(311296, 311296)",[]
181,c49,"(224000, 224000)","(147456, 147456)","(311296, 311296)",[]
181,c50,"(224000, 163841)","(147456, 62781)","(311296, 127033)","['v47', 'v99', 'v51', 'v74', 'v75', 'v88']"
241,c0,"(224000, 224000)","(147456, 147456)","(311296, 311296)",[]
241,c1,"(224000, 224000)","(147456, 147456)","(311296, 311296)",[]
241,c2,"(224000, 224000)","(147456, 147456)","(311296, 311296)",[]
241,c3,"(224000, 224000)","(147456, 147456)","(311296, 311296)",[]
241,c4,"(224000, 224000)","(147456, 147456)","(311296, 311296)",[]
241,c5,"(224000, 3744)","(147456, 23383)","(311296, 36259)","['v8', 'v45', 'v73', 'v89', 'v96', 'v7', 'v24', 'v47', 'v38', 'v13']"
241,c6,"(224000, 224000)","(147456, 147456)","(311296, 311296)",[]
241,c7,"(224000, 224000)","(147456, 147456)","(311296, 311296)",[]
241,c8,"(224000, 224000)","(147456, 147456)","(311296, 311296)",[]
241,c9,"(224000, 224000)","(147456, 147456)","(311296, 311296)",[]
241,c10,"(224000, 224000)","(147456, 147456)","(311296, 311296)",[]
241,c11,"(224000, 224000)","(147456, 147456)","(311296, 311296)",[]
241,c12,"(224000, 224000)","(147456, 147456)","(311296, 311296)",[]
241,c13,"(224000, 224000)","(147456, 147456)","(311296, 311296)",[]
241,c14,"(224000, 224000)","(147456, 147456)","(311296, 311296)",[]
241,c15,"(224000, 224000)","(147456, 147456)","(311296, 311296)",[]
241,c16,"(224000, 224000)","(147456, 147456)","(311296, 311296)",[]
241,c17,"(224000, 224000)","(147456, 147456)","(311296, 311296)",[]
241,c18,"(224000, 224000)","(147456, 147456)","(311296, 311296)",[]
241,c19,"(224000, 224000)","(147456, 147456)","(311296, 311296)",[]
241,c20,"(224000, 224000)","(147456, 147456)","(311296, 311296)",[]
241,c21,"(224000, 224000)","(147456, 147456)","(311296, 311296)",[]
241,c22,"(224000, 224000)","(147456, 147456)","(311296, 311296)",[]
241,c23,"(224000, 224000)","(147456, 147456)","(311296, 311296)",[]
241,c24,"(224000, 224000)","(147456, 147456)","(311296, 311296)",[]
241,c25,"(224000, 135466)","(147456, 10139)","(311296, 73715)","['v90', 'v1', 'v9', 'v43', 'v85', 'v16', 'v12', 'v4', 'v25', 'v0']"
241,c26,"(224000, 32686)","(147456, 4192)","(311296, 365)","['v22', 'v34', 'v91', 'v54', 'v18', 'v3', 'v53', 'v17', 'v2', 'v39', 'v70', 'v71']"
241,c27,"(224000, 224000)","(147456, 147456)","(311296, 311296)",[]
241,c28,"(224000, 71)","(147456, 32893)","(311296, 82024)","['v61', 'v52', 'v40', 'v84', 'v93', 'v65', 'v62']"
241,c29,"(224000, 80568)","(147456, 20852)","(311296, 26)","['v11', 'v33', 'v67', 'v46', 'v5', 'v76', 'v19', 'v35', 'v6', 'v83', 'v69']"
241,c30,"(224000, 224000)","(147456, 147456)","(311296, 311296)",[]
241,c31,"(224000, 224000)","(147456, 147456)","(311296, 311296)",[]
241,c32,"(224000, 224000)","(147456, 147456)","(311296, 311296)",[]
241,c33,"(224000, 224000)","(147456, 147456)","(311296, 311296)",[]
241,c34,"(224000, 224000)","(147456, 147456)","(311296, 311296)",[]
241,c35,"(224000, 139887)","(147456, 13002)","(311296, 77594)","['v30', 'v49', 'v14', 'v92', 'v32', 'v81', 'v26', 'v15', 'v72']"
241,c36,"(224000, 224000)","(147456, 147456)","(311296, 311296)",[]
241,c37,"(224000, 224000)","(147456, 147456)","(311296, 311296)",[]
241,c38,"(224000, 224000)","(147456, 147456)","(311296, 311296)",[]
241,c39,"(224000, 224000)","(147456, 147456)","(311296, 311296)",[]
241,c40,"(224000, 224000)","(147456, 147456)","(311296, 311296)",[]
241,c41,"(224000, 224000)","(147456, 147456)","(311296, 311296)",[]
241,c42,"(224000, 224000)","(147456, 147456)","(311296, 311296)",[]
241,c43,"(224000, 224000)","(147456, 147456)","(311296, 311296)",[]
241,c44,"(224000, 224000)","(147456, 147456)","(311296, 311296)",[]
241,c45,"(224000, 224000)","(147456, 147456)","(311296, 311296)",[]
241,c46,"(224000, 224000)","(147456, 147456)","(311296, 311296)",[]
241,c47,"(224000, 224000)","(147456, 147456)","(311296, 311296)",[]
241,c48,"(224000, 224000)","(147456, 147456)","(311296, 311296)",[]
241,c49,"(224000, 224000)","(147456, 147456)","(311296, 311296)",[]
241,c50,"(224000, 224000)","(147456, 147456)","(311296, 311296)",[]
301,c0,"(224000, 224000)","(147456, 147456)","(311296, 311296)",[]
301,c1,"(224000, 224000)","(147456, 147456)","(311296, 311296)",[]
301,c2,"(224000, 224000)","(147456, 147456)","(311296, 311296)",[]
301,c3,"(224000, 224000)","(147456, 147456)","(311296, 311296)",[]
301,c4,"(224000, 224000)","(147456, 147456)","(311296, 311296)",[]
301,c5,"(224000, 32292)","(147456, 4508)","(311296, 562)","['v22', 'v34', 'v91', 'v54', 'v18', 'v3', 'v53', 'v17', 'v2', 'v70', 'v10', 'v79']"
301,c6,"(224000, 224000)","(147456, 147456)","(311296, 311296)",[]
301,c7,"(224000, 224000)","(147456, 147456)","(311296, 311296)",[]
301,c8,"(224000, 224000)","(147456, 147456)","(311296, 311296)",[]
301,c9,"(224000, 224000)","(147456, 147456)","(311296, 311296)",[]
301,c10,"(224000, 224000)","(147456, 147456)","(311296, 311296)",[]
301,c11,"(224000, 224000)","(147456, 147456)","(311296, 311296)",[]
301,c12,"(224000, 224000)","(147456, 147456)","(311296, 311296)",[]
301,c13,"(224000, 224000)","(147456, 147456)","(311296, 311296)",[]
301,c14,"(224000, 224000)","(147456, 147456)","(311296, 311296)",[]
301,c15,"(224000, 224000)","(147456, 147456)","(311296, 311296)",[]
301,c16,"(224000, 63701)","(147456, 36683)","(311296, 53)","['v8', 'v89', 'v7', 'v24', 'v38', 'v99', 'v90', 'v1', 'v13', 'v25']"
301,c17,"(224000, 224000)","(147456, 147456)","(311296, 311296)",[]
301,c18,"(224000, 224000)","(147456, 147456)","(311296, 311296)",[]
301,c19,"(224000, 224000)","(147456, 147456)","(311296, 311296)",[]
301,c20,"(224000, 224000)","(147456, 147456)","(311296, 311296)",[]
301,c21,"(224000, 224000)","(147456, 147456)","(311296, 311296)",[]
301,c22,"(224000, 224000)","(147456, 147456)","(311296, 311296)",[]
301,c23,"(224000, 224000)","(147456, 147456)","(311296, 311296)",[]
301,c24,"(224000, 224000)","(147456, 147456)","(311296, 311296)",[]
301,c25,"(224000, 68303)","(147456, 39924)","(311296, 3711)","['v45', 'v73', 'v96', 'v47', 'v63', 'v36', 'v75', 'v39', 'v71']"
301,c26,"(224000, 171491)","(147456, 46133)","(311296, 208715)","['v9', 'v43', 'v85', 'v16', 'v12', 'v4', 'v0']"
301,c27,"(224000, 224000)","(147456, 147456)","(311296, 311296)",[]
301,c28,"(224000, 71)","(147456, 32893)","(311296, 82024)","['v61', 'v52', 'v40', 'v84', 'v93', 'v65', 'v62']"
301,c29,"(224000, 224000)","(147456, 147456)","(311296, 311296)",[]
301,c30,"(224000, 195829)","(147456, 111388)","(311296, 225246)","['v98', 'v78', 'v23']"
301,c31,"(224000, 224000)","(147456, 147456)","(311296, 311296)",[]
301,c32,"(224000, 224000)","(147456, 147456)","(311296, 311296)",[]
301,c33,"(224000, 224000)","(147456, 147456)","(311296, 311296)",[]
301,c34,"(224000, 224000)","(147456, 147456)","(311296, 311296)",[]
301,c35,"(224000, 224000)","(147456, 147456)","(311296, 311296)",[]
301,c36,"(224000, 224000)","(147456, 147456)","(311296, 311296)",[]
301,c37,"(224000, 224000)","(147456, 147456)","(311296, 311296)",[]
301,c38,"(224000, 224000)","(147456, 147456)","(311296, 311296)",[]
301,c39,"(224000, 224000)","(147456, 147456)","(311296, 311296)",[]
301,c40,"(224000, 224000)","(147456, 147456)","(311296, 311296)",[]
301,c41,"(224000, 224000)","(147456, 147456)","(311296, 311296)",[]
301,c42,"(224000, 224000)","(147456, 147456)","(311296, 311296)",[]
301,c43,"(224000, 80524)","(147456, 20740)","(311296, 102)","['v11', 'v33', 'v67', 'v5', 'v76', 'v19', 'v35', 'v6', 'v83', 'v14', 'v69']"
301,c44,"(224000, 224000)","(147456, 147456)","(311296, 311296)",[]
301,c45,"(224000, 224000)","(147456, 147456)","(311296, 311296)",[]
301,c46,"(224000, 224000)","(147456, 147456)","(311296, 311296)",[]
301,c47,"(224000, 224000)","(147456, 147456)","(311296, 311296)",[]
301,c48,"(224000, 224000)","(147456, 147456)","(311296, 311296)",[]
301,c49,"(224000, 224000)","(147456, 147456)","(311296, 311296)",[]
301,c50,"(224000, 16198)","(147456, 20556)","(311296, 127)","['v66', 'v44', 'v31', 'v28', 'v64', 'v68', 'v21', 'v97', 'v20', 'v41', 'v77']"
361,c0,"(224000, 224000)","(147456, 147456)","(311296, 311296)",[]
361,c1,"(224000, 224000)","(147456, 147456)","(311296, 311296)",[]
361,c2,"(224000, 224000)","(147456, 147456)","(311296, 311296)",[]
361,c3,"(224000, 163982)","(147456, 72320)","(311296, 135225)","['v57', 'v98', 'v78', 'v42', 'v48', 'v23', 'v59']"
361,c4,"(224000, 224000)","(147456, 147456)","(311296, 311296)",[]
361,c5,"(224000, 224000)","(147456, 147456)","(311296, 311296)",[]
361,c6,"(224000, 224000)","(147456, 147456)","(311296, 311296)",[]
361,c7,"(224000, 224000)","(147456, 147456)","(311296, 311296)",[]
361,c8,"(224000, 224000)","(147456, 147456)","(311296, 311296)",[]
361,c9,"(224000, 224000)","(147456, 147456)","(311296, 311296)",[]
361,c10,"(224000, 224000)","(147456, 147456)","(311296, 311296)",[]
361,c11,"(224000, 100196)","(147456, 7255)","(311296, 3985)","['v11', 'v5', 'v76', 'v19', 'v6', 'v14', 'v92', 'v32', 'v69', 'v26', 'v15']"
361,c12,"(224000, 224000)","(147456, 147456)","(311296, 311296)",[]
361,c13,"(224000, 224000)","(147456, 147456)","(311296, 311296)",[]
361,c14,"(224000, 224000)","(147456, 147456)","(311296, 311296)",[]
361,c15,"(224000, 224000)","(147456, 147456)","(311296, 311296)",[]
361,c16,"(224000, 224000)","(147456, 147456)","(311296, 311296)",[]
361,c17,"(224000, 224000)","(147456, 147456)","(311296, 311296)",[]
361,c18,"(224000, 224000)","(147456, 147456)","(311296, 311296)",[]
361,c19,"(224000, 224000)","(147456, 147456)","(311296, 311296)",[]
361,c20,"(224000, 224000)","(147456, 147456)","(311296, 311296)",[]
361,c21,"(224000, 224000)","(147456, 147456)","(311296, 311296)",[]
361,c22,"(224000, 224000)","(147456, 147456)","(311296, 311296)",[]
361,c23,"(224000, 224000)","(147456, 147456)","(311296, 311296)",[]
361,c24,"(224000, 224000)","(147456, 147456)","(311296, 311296)",[]
361,c25,"(224000, 224000)","(147456, 147456)","(311296, 311296)",[]
361,c26,"(224000, 224000)","(147456, 147456)","(311296, 311296)",[]
361,c27,"(224000, 224000)","(147456, 147456)","(311296, 311296)",[]
361,c28,"(224000, 224000)","(147456, 147456)","(311296, 311296)",[]
361,c29,"(224000, 224000)","(147456, 147456)","(311296, 311296)",[]
361,c30,"(224000, 32292)","(147456, 4508)","(311296, 562)","['v22', 'v34', 'v91', 'v54', 'v18', 'v3', 'v53', 'v17', 'v2', 'v70', 'v10', 'v79']"
361,c31,"(224000, 224000)","(147456, 147456)","(311296, 311296)",[]
361,c32,"(224000, 224000)","(147456, 147456)","(311296, 311296)",[]
361,c33,"(224000, 224000)","(147456, 147456)","(311296, 311296)",[]
361,c34,"(224000, 224000)","(147456, 147456)","(311296, 311296)",[]
361,c35,"(224000, 224000)","(147456, 147456)","(311296, 311296)",[]
361,c36,"(224000, 224000)","(147456, 147456)","(311296, 311296)",[]
361,c37,"(224000, 224000)","(147456, 147456)","(311296, 311296)",[]
361,c38,"(224000, 35633)","(147456, 7168)","(311296, 3954)","['v8', 'v73', 'v89', 'v7', 'v24', 'v90', 'v1', 'v13', 'v9', 'v43', 'v25']"
361,c39,"(224000, 224000)","(147456, 147456)","(311296, 311296)",[]
361,c40,"(224000, 224000)","(147456, 147456)","(311296, 311296)",[]
361,c41,"(224000, 224000)","(147456, 147456)","(311296, 311296)",[]
361,c42,"(224000, 224000)","(147456, 147456)","(311296, 311296)",[]
361,c43,"(224000, 83891)","(147456, 23596)","(311296, 3946)","['v45', 'v96', 'v47', 'v38', 'v63', 'v36', 'v51', 'v74', 'v75', 'v39']"
361,c44,"(224000, 224000)","(147456, 147456)","(311296, 311296)",[]
361,c45,"(224000, 224000)","(147456, 147456)","(311296, 311296)",[]
361,c46,"(224000, 224000)","(147456, 147456)","(311296, 311296)",[]
361,c47,"(224000, 224000)","(147456, 147456)","(311296, 311296)",[]
361,c48,"(224000, 224000)","(147456, 147456)","(311296, 311296)",[]
361,c49,"(224000, 224000)","(147456, 147456)","(311296, 311296)",[]
361,c50,"(224000, 71)","(147456, 32893)","(311296, 82024)","['v61', 'v52', 'v40', 'v84', 'v93', 'v65', 'v62']"
421,c0,"(224000, 224000)","(147456, 147456)","(311296, 311296)",[]
421,c1,"(224000, 224000)","(147456, 147456)","(311296, 311296)",[]
421,c2,"(224000, 224000)","(147456, 147456)","(311296, 311296)",[]
421,c3,"(224000, 224000)","(147456, 147456)","(311296, 311296)",[]
421,c4,"(224000, 224000)","(147456, 147456)","(311296, 311296)",[]
421,c5,"(224000, 224000)","(147456, 147456)","(311296, 311296)",[]
421,c6,"(224000, 224000)","(147456, 147456)","(311296, 311296)",[]
421,c7,"(224000, 224000)","(147456, 147456)","(311296, 311296)",[]
421,c8,"(224000, 224000)","(147456, 147456)","(311296, 311296)",[]
421,c9,"(224000, 224000)","(147456, 147456)","(311296, 311296)",[]
421,c10,"(224000, 224000)","(147456, 147456)","(311296, 311296)",[]
421,c11,"(224000, 224000)","(147456, 147456)","(311296, 311296)",[]
421,c12,"(224000, 224000)","(147456, 147456)","(311296, 311296)",[]
421,c13,"(224000, 224000)","(147456, 147456)","(311296, 311296)",[]
421,c14,"(224000, 71)","(147456, 32893)","(311296, 82024)","['v61', 'v52', 'v40', 'v84', 'v93', 'v65', 'v62']"
421,c15,"(224000, 224000)","(147456, 147456)","(311296, 311296)",[]
421,c16,"(224000, 224000)","(147456, 147456)","(311296, 311296)",[]
421,c17,"(224000, 224000)","(147456, 147456)","(311296, 311296)",[]
421,c18,"(224000, 224000)","(147456, 147456)","(311296, 311296)",[]
421,c19,"(224000, 224000)","(147456, 147456)","(311296, 311296)",[]
421,c20,"(224000, 224000)","(147456, 147456)","(311296, 311296)",[]
421,c21,"(224000, 224000)","(147456, 147456)","(311296, 311296)",[]
421,c22,"(224000, 224000)","(147456, 147456)","(311296, 311296)",[]
421,c23,"(224000, 224000)","(147456, 147456)","(311296, 311296)",[]
421,c24,"(224000, 35633)","(147456, 7168)","(311296, 3954)","['v8', 'v73', 'v89', 'v7', 'v24', 'v90', 'v1', 'v13', 'v9', 'v43', 'v25']"
421,c25,"(224000, 224000)","(147456, 147456)","(311296, 311296)",[]
421,c26,"(224000, 224000)","(147456, 147456)","(311296, 311296)",[]
421,c27,"(224000, 224000)","(147456, 147456)","(311296, 311296)",[]
421,c28,"(224000, 104193)","(147456, 53209)","(311296, 82241)","['v34', 'v91', 'v53', 'v57', 'v70', 'v42', 'v79', 'v48', 'v59']"
421,c29,"(224000, 224000)","(147456, 147456)","(311296, 311296)",[]
421,c30,"(224000, 224000)","(147456, 147456)","(311296, 311296)",[]
421,c31,"(224000, 224000)","(147456, 147456)","(311296, 311296)",[]
421,c32,"(224000, 92081)","(147456, 23619)","(311296, 53546)","['v22', 'v54', 'v18', 'v3', 'v17', 'v98', 'v2', 'v78', 'v10', 'v23']"
421,c33,"(224000, 224000)","(147456, 147456)","(311296, 311296)",[]
421,c34,"(224000, 224000)","(147456, 147456)","(311296, 311296)",[]
421,c35,"(224000, 224000)","(147456, 147456)","(311296, 311296)",[]
421,c36,"(224000, 83891)","(147456, 23596)","(311296, 3946)","['v45', 'v96', 'v47', 'v38', 'v63', 'v36', 'v51', 'v74', 'v75', 'v39']"
421,c37,"(224000, 224000)","(147456, 147456)","(311296, 311296)",[]
421,c38,"(224000, 224000)","(147456, 147456)","(311296, 311296)",[]
421,c39,"(224000, 224000)","(147456, 147456)","(311296, 311296)",[]
421,c40,"(224000, 224000)","(147456, 147456)","(311296, 311296)",[]
421,c41,"(224000, 224000)","(147456, 147456)","(311296, 311296)",[]
421,c42,"(224000, 224000)","(147456, 147456)","(311296, 311296)",[]
421,c43,"(224000, 187623)","(147456, 78795)","(311296, 241366)","['v85', 'v16', 'v12', 'v4', 'v0']"
421,c44,"(224000, 224000)","(147456, 147456)","(311296, 311296)",[]
421,c45,"(224000, 224000)","(147456, 147456)","(311296, 311296)",[]
421,c46,"(224000, 224000)","(147456, 147456)","(311296, 311296)",[]
421,c47,"(224000, 224000)","(147456, 147456)","(311296, 311296)",[]
421,c48,"(224000, 224000)","(147456, 147456)","(311296, 311296)",[]
421,c49,"(224000, 224000)","(147456, 147456)","(311296, 311296)",[]
421,c50,"(224000, 16198)","(147456, 20556)","(311296, 127)","['v66', 'v44', 'v31', 'v28', 'v64', 'v68', 'v21', 'v97', 'v20', 'v41', 'v77']"
481,c0,"(224000, 224000)","(147456, 147456)","(311296, 311296)",[]
481,c1,"(224000, 224000)","(147456, 147456)","(311296, 311296)",[]
481,c2,"(224000, 224000)","(147456, 147456)","(311296, 311296)",[]
481,c3,"(224000, 224000)","(147456, 147456)","(311296, 311296)",[]
481,c4,"(224000, 224000)","(147456, 147456)","(311296, 311296)",[]
481,c5,"(224000, 224000)","(147456, 147456)","(311296, 311296)",[]
481,c6,"(224000, 224000)","(147456, 147456)","(311296, 311296)",[]
481,c7,"(224000, 28468)","(147456, 29949)","(311296, 12315)","['v61', 'v40', 'v65', 'v62', 'v44', 'v21', 'v20', 'v95']"
481,c8,"(224000, 224000)","(147456, 147456)","(311296, 311296)",[]
481,c9,"(224000, 224000)","(147456, 147456)","(311296, 311296)",[]
481,c10,"(224000, 224000)","(147456, 147456)","(311296, 311296)",[]
481,c11,"(224000, 224000)","(147456, 147456)","(311296, 311296)",[]
481,c12,"(224000, 32292)","(147456, 4508)","(311296, 562)","['v22', 'v34', 'v91', 'v54', 'v18', 'v3', 'v53', 'v17', 'v2', 'v70', 'v10', 'v79']"
481,c13,"(224000, 224000)","(147456, 147456)","(311296, 311296)",[]
481,c14,"(224000, 137)","(147456, 9907)","(311296, 24623)","['v52', 'v84', 'v93', 'v66', 'v31', 'v28', 'v68', 'v97', 'v58', 'v60']"
481,c15,"(224000, 224000)","(147456, 147456)","(311296, 311296)",[]
481,c16,"(224000, 224000)","(147456, 147456)","(311296, 311296)",[]
481,c17,"(224000, 224000)","(147456, 147456)","(311296, 311296)",[]
481,c18,"(224000, 224000)","(147456, 147456)","(311296, 311296)",[]
481,c19,"(224000, 224000)","(147456, 147456)","(311296, 311296)",[]
481,c20,"(224000, 224000)","(147456, 147456)","(311296, 311296)",[]
481,c21,"(224000, 224000)","(147456, 147456)","(311296, 311296)",[]
481,c22,"(224000, 131968)","(147456, 50390)","(311296, 142917)","['v64', 'v56', 'v82', 'v87', 'v29', 'v41', 'v77', 'v86', 'v50', 'v55']"
481,c23,"(224000, 192086)","(147456, 131093)","(311296, 278378)",['v73']
481,c24,"(224000, 224000)","(147456, 147456)","(311296, 311296)",[]
481,c25,"(224000, 224000)","(147456, 147456)","(311296, 311296)",[]
481,c26,"(224000, 224000)","(147456, 147456)","(311296, 311296)",[]
481,c27,"(224000, 224000)","(147456, 147456)","(311296, 311296)",[]
481,c28,"(224000, 224000)","(147456, 147456)","(311296, 311296)",[]
481,c29,"(224000, 224000)","(147456, 147456)","(311296, 311296)",[]
481,c30,"(224000, 224000)","(147456, 147456)","(311296, 311296)",[]
481,c31,"(224000, 224000)","(147456, 147456)","(311296, 311296)",[]
481,c32,"(224000, 224000)","(147456, 147456)","(311296, 311296)",[]
481,c33,"(224000, 224000)","(147456, 147456)","(311296, 311296)",[]
481,c34,"(224000, 224000)","(147456, 147456)","(311296, 311296)",[]
481,c35,"(224000, 224000)","(147456, 147456)","(311296, 311296)",[]
481,c36,"(224000, 224000)","(147456, 147456)","(311296, 311296)",[]
481,c37,"(224000, 68037)","(147456, 39818)","(311296, 3742)","['v45', 'v89', 'v96', 'v63', 'v99', 'v80', 'v75', 'v39', 'v71']"
481,c38,"(224000, 224000)","(147456, 147456)","(311296, 311296)",[]
481,c39,"(224000, 163982)","(147456, 72320)","(311296, 135225)","['v57', 'v98', 'v78', 'v42', 'v48', 'v23', 'v59']"
481,c40,"(224000, 224000)","(147456, 147456)","(311296, 311296)",[]
481,c41,"(224000, 224000)","(147456, 147456)","(311296, 311296)",[]
481,c42,"(224000, 224000)","(147456, 147456)","(311296, 311296)",[]
481,c43,"(224000, 224000)","(147456, 147456)","(311296, 311296)",[]
481,c44,"(224000, 95377)","(147456, 20262)","(311296, 97836)","['v8', 'v7', 'v24', 'v1', 'v13', 'v9', 'v16', 'v12', 'v4', 'v25', 'v0']"
481,c45,"(224000, 224000)","(147456, 147456)","(311296, 311296)",[]
481,c46,"(224000, 224000)","(147456, 147456)","(311296, 311296)",[]
481,c47,"(224000, 224000)","(147456, 147456)","(311296, 311296)",[]
481,c48,"(224000, 224000)","(147456, 147456)","(311296, 311296)",[]
481,c49,"(224000, 224000)","(147456, 147456)","(311296, 311296)",[]
481,c50,"(224000, 224000)","(147456, 147456)","(311296, 311296)",[]
541,c0,"(224000, 224000)","(147456, 147456)","(311296, 311296)",[]
541,c1,"(224000, 224000)","(147456, 147456)","(311296, 311296)",[]
541,c2,"(224000, 224000)","(147456, 147456)","(311296, 311296)",[]
541,c3,"(224000, 224000)","(147456, 147456)","(311296, 311296)",[]
541,c4,"(224000, 224000)","(147456, 147456)","(311296, 311296)",[]
541,c5,"(224000, 224000)","(147456, 147456)","(311296, 311296)",[]
541,c6,"(224000, 224000)","(147456, 147456)","(311296, 311296)",[]
541,c7,"(224000, 224000)","(147456, 147456)","(311296, 311296)",[]
541,c8,"(224000, 216147)","(147456, 141541)","(311296, 302968)","['v75', 'v71']"
541,c9,"(224000, 224000)","(147456, 147456)","(311296, 311296)",[]
541,c10,"(224000, 224000)","(147456, 147456)","(311296, 311296)",[]
541,c11,"(224000, 224000)","(147456, 147456)","(311296, 311296)",[]
541,c12,"(224000, 224000)","(147456, 147456)","(311296, 311296)",[]
541,c13,"(224000, 224000)","(147456, 147456)","(311296, 311296)",[]
541,c14,"(224000, 224000)","(147456, 147456)","(311296, 311296)",[]
541,c15,"(224000, 224000)","(147456, 147456)","(311296, 311296)",[]
541,c16,"(224000, 224000)","(147456, 147456)","(311296, 311296)",[]
541,c17,"(224000, 224000)","(147456, 147456)","(311296, 311296)",[]
541,c18,"(224000, 224000)","(147456, 147456)","(311296, 311296)",[]
541,c19,"(224000, 224000)","(147456, 147456)","(311296, 311296)",[]
541,c20,"(224000, 224000)","(147456, 147456)","(311296, 311296)",[]
541,c21,"(224000, 224000)","(147456, 147456)","(311296, 311296)",[]
541,c22,"(224000, 224000)","(147456, 147456)","(311296, 311296)",[]
541,c23,"(224000, 224000)","(147456, 147456)","(311296, 311296)",[]
541,c24,"(224000, 224000)","(147456, 147456)","(311296, 311296)",[]
541,c25,"(224000, 224000)","(147456, 147456)","(311296, 311296)",[]
541,c26,"(224000, 224000)","(147456, 147456)","(311296, 311296)",[]
541,c27,"(224000, 224000)","(147456, 147456)","(311296, 311296)",[]
541,c28,"(224000, 224000)","(147456, 147456)","(311296, 311296)",[]
541,c29,"(224000, 224000)","(147456, 147456)","(311296, 311296)",[]
541,c30,"(224000, 224000)","(147456, 147456)","(311296, 311296)",[]
541,c31,"(224000, 224000)","(147456, 147456)","(311296, 311296)",[]
541,c32,"(224000, 224000)","(147456, 147456)","(311296, 311296)",[]
541,c33,"(224000, 224000)","(147456, 147456)","(311296, 311296)",[]
541,c34,"(224000, 224000)","(147456, 147456)","(311296, 311296)",[]
541,c35,"(224000, 224000)","(147456, 147456)","(311296, 311296)",[]
541,c36,"(224000, 224000)","(147456, 147456)","(311296, 311296)",[]
541,c37,"(224000, 64324)","(147456, 37267)","(311296, 633)","['v22', 'v34', 'v91', 'v18', 'v3', 'v53', 'v57', 'v70', 'v10', 'v79']"
541,c38,"(224000, 224000)","(147456, 147456)","(311296, 311296)",[]
541,c39,"(224000, 224000)","(147456, 147456)","(311296, 311296)",[]
541,c40,"(224000, 224000)","(147456, 147456)","(311296, 311296)",[]
541,c41,"(224000, 71)","(147456, 32893)","(311296, 82024)","['v61', 'v52', 'v40', 'v84', 'v93', 'v65', 'v62']"
541,c42,"(224000, 224000)","(147456, 147456)","(311296, 311296)",[]
541,c43,"(224000, 224000)","(147456, 147456)","(311296, 311296)",[]
541,c44,"(224000, 224000)","(147456, 147456)","(311296, 311296)",[]
541,c45,"(224000, 224000)","(147456, 147456)","(311296, 311296)",[]
541,c46,"(224000, 224000)","(147456, 147456)","(311296, 311296)",[]
541,c47,"(224000, 224000)","(147456, 147456)","(311296, 311296)",[]
541,c48,"(224000, 95377)","(147456, 20262)","(311296, 97836)","['v8', 'v7', 'v24', 'v1', 'v13', 'v9', 'v16', 'v12', 'v4', 'v25', 'v0']"
541,c49,"(224000, 224000)","(147456, 147456)","(311296, 311296)",[]
541,c50,"(224000, 224000)","(147456, 147456)","(311296, 311296)",[]
601,c0,"(224000, 140034)","(147456, 56472)","(311296, 151788)","['v22', 'v18', 'v3', 'v17', 'v2', 'v78', 'v10', 'v23']"
601,c1,"(224000, 224000)","(147456, 147456)","(311296, 311296)",[]
601,c2,"(224000, 224000)","(147456, 147456)","(311296, 311296)",[]
601,c3,"(224000, 224000)","(147456, 147456)","(311296, 311296)",[]
601,c4,"(224000, 224000)","(147456, 147456)","(311296, 311296)",[]
601,c5,"(224000, 224000)","(147456, 147456)","(311296, 311296)",[]
601,c6,"(224000, 224000)","(147456, 147456)","(311296, 311296)",[]
601,c7,"(224000, 224000)","(147456, 147456)","(311296, 311296)",[]
601,c8,"(224000, 224000)","(147456, 147456)","(311296, 311296)",[]
601,c9,"(224000, 224000)","(147456, 147456)","(311296, 311296)",[]
601,c10,"(224000, 224000)","(147456, 147456)","(311296, 311296)",[]
601,c11,"(224000, 224000)","(147456, 147456)","(311296, 311296)",[]
601,c12,"(224000, 224000)","(147456, 147456)","(311296, 311296)",[]
601,c13,"(224000, 224000)","(147456, 147456)","(311296, 311296)",[]
601,c14,"(224000, 224000)","(147456, 147456)","(311296, 311296)",[]
601,c15,"(224000, 224000)","(147456, 147456)","(311296, 311296)",[]
601,c16,"(224000, 224000)","(147456, 147456)","(311296, 311296)",[]
601,c17,"(224000, 224000)","(147456, 147456)","(311296, 311296)",[]
601,c18,"(224000, 224000)","(147456, 147456)","(311296, 311296)",[]
601,c19,"(224000, 224000)","(147456, 147456)","(311296, 311296)",[]
601,c20,"(224000, 224000)","(147456, 147456)","(311296, 311296)",[]
601,c21,"(224000, 224000)","(147456, 147456)","(311296, 311296)",[]
601,c22,"(224000, 224000)","(147456, 147456)","(311296, 311296)",[]
601,c23,"(224000, 224000)","(147456, 147456)","(311296, 311296)",[]
601,c24,"(224000, 224000)","(147456, 147456)","(311296, 311296)",[]
601,c25,"(224000, 224000)","(147456, 147456)","(311296, 311296)",[]
601,c26,"(224000, 224000)","(147456, 147456)","(311296, 311296)",[]
601,c27,"(224000, 224000)","(147456, 147456)","(311296, 311296)",[]
601,c28,"(224000, 224000)","(147456, 147456)","(311296, 311296)",[]
601,c29,"(224000, 224000)","(147456, 147456)","(311296, 311296)",[]
601,c30,"(224000, 224000)","(147456, 147456)","(311296, 311296)",[]
601,c31,"(224000, 224000)","(147456, 147456)","(311296, 311296)",[]
601,c32,"(224000, 224000)","(147456, 147456)","(311296, 311296)",[]
601,c33,"(224000, 224000)","(147456, 147456)","(311296, 311296)",[]
601,c34,"(224000, 224000)","(147456, 147456)","(311296, 311296)",[]
601,c35,"(224000, 224000)","(147456, 147456)","(311296, 311296)",[]
601,c36,"(224000, 224000)","(147456, 147456)","(311296, 311296)",[]
601,c37,"(224000, 224000)","(147456, 147456)","(311296, 311296)",[]
601,c38,"(224000, 224000)","(147456, 147456)","(311296, 311296)",[]
601,c39,"(224000, 224000)","(147456, 147456)","(311296, 311296)",[]
601,c40,"(224000, 144233)","(147456, 75713)","(311296, 123297)","['v34', 'v53', 'v57', 'v42', 'v48', 'v59']"
601,c41,"(224000, 71)","(147456, 32893)","(311296, 82024)","['v61', 'v52', 'v40', 'v84', 'v93', 'v65', 'v62']"
601,c42,"(224000, 224000)","(147456, 147456)","(311296, 311296)",[]
601,c43,"(224000, 224000)","(147456, 147456)","(311296, 311296)",[]
601,c44,"(224000, 224000)","(147456, 147456)","(311296, 311296)",[]
601,c45,"(224000, 224000)","(147456, 147456)","(311296, 311296)",[]
601,c46,"(224000, 224000)","(147456, 147456)","(311296, 311296)",[]
601,c47,"(224000, 224000)","(147456, 147456)","(311296, 311296)",[]
601,c48,"(224000, 224000)","(147456, 147456)","(311296, 311296)",[]
601,c49,"(224000, 224000)","(147456, 147456)","(311296, 311296)",[]
601,c50,"(224000, 224000)","(147456, 147456)","(311296, 311296)",[]
661,c0,"(224000, 112217)","(147456, 53348)","(311296, 131862)","['v22', 'v34', 'v18', 'v3', 'v17', 'v2', 'v10', 'v48', 'v23']"
661,c1,"(224000, 224000)","(147456, 147456)","(311296, 311296)",[]
661,c2,"(224000, 224000)","(147456, 147456)","(311296, 311296)",[]
661,c3,"(224000, 224000)","(147456, 147456)","(311296, 311296)",[]
661,c4,"(224000, 224000)","(147456, 147456)","(311296, 311296)",[]
661,c5,"(224000, 224000)","(147456, 147456)","(311296, 311296)",[]
661,c6,"(224000, 224000)","(147456, 147456)","(311296, 311296)",[]
661,c7,"(224000, 224000)","(147456, 147456)","(311296, 311296)",[]
661,c8,"(224000, 224000)","(147456, 147456)","(311296, 311296)",[]
661,c9,"(224000, 224000)","(147456, 147456)","(311296, 311296)",[]
661,c10,"(224000, 224000)","(147456, 147456)","(311296, 311296)",[]
661,c11,"(224000, 224000)","(147456, 147456)","(311296, 311296)",[]
661,c12,"(224000, 224000)","(147456, 147456)","(311296, 311296)",[]
661,c13,"(224000, 224000)","(147456, 147456)","(311296, 311296)",[]
661,c14,"(224000, 224000)","(147456, 147456)","(311296, 311296)",[]
661,c15,"(224000, 71)","(147456, 32893)","(311296, 82024)","['v61', 'v52', 'v40', 'v84', 'v93', 'v65', 'v62']"
661,c16,"(224000, 224000)","(147456, 147456)","(311296, 311296)",[]
661,c17,"(224000, 224000)","(147456, 147456)","(311296, 311296)",[]
661,c18,"(224000, 224000)","(147456, 147456)","(311296, 311296)",[]
661,c19,"(224000, 224000)","(147456, 147456)","(311296, 311296)",[]
661,c20,"(224000, 224000)","(147456, 147456)","(311296, 311296)",[]
661,c21,"(224000, 224000)","(147456, 147456)","(311296, 311296)",[]
661,c22,"(224000, 224000)","(147456, 147456)","(311296, 311296)",[]
661,c23,"(224000, 224000)","(147456, 147456)","(311296, 311296)",[]
661,c24,"(224000, 224000)","(147456, 147456)","(311296, 311296)",[]
661,c25,"(224000, 224000)","(147456, 147456)","(311296, 311296)",[]
661,c26,"(224000, 224000)","(147456, 147456)","(311296, 311296)",[]
661,c27,"(224000, 215939)","(147456, 131074)","(311296, 294822)",['v78']
661,c28,"(224000, 224000)","(147456, 147456)","(311296, 311296)",[]
661,c29,"(224000, 224000)","(147456, 147456)","(311296, 311296)",[]
661,c30,"(224000, 224000)","(147456, 147456)","(311296, 311296)",[]
661,c31,"(224000, 16198)","(147456, 20556)","(311296, 127)","['v66', 'v44', 'v31', 'v28', 'v64', 'v68', 'v21', 'v97', 'v20', 'v41', 'v77']"
661,c32,"(224000, 224000)","(147456, 147456)","(311296, 311296)",[]
661,c33,"(224000, 224000)","(147456, 147456)","(311296, 311296)",[]
661,c34,"(224000, 224000)","(147456, 147456)","(311296, 311296)",[]
661,c35,"(224000, 224000)","(147456, 147456)","(311296, 311296)",[]
661,c36,"(224000, 224000)","(147456, 147456)","(311296, 311296)",[]
661,c37,"(224000, 224000)","(147456, 147456)","(311296, 311296)",[]
661,c38,"(224000, 224000)","(147456, 147456)","(311296, 311296)",[]
661,c39,"(224000, 224000)","(147456, 147456)","(311296, 311296)",[]
661,c40,"(224000, 224000)","(147456, 147456)","(311296, 311296)",[]
661,c41,"(224000, 224000)","(147456, 147456)","(311296, 311296)",[]
661,c42,"(224000, 224000)","(147456, 147456)","(311296, 311296)",[]
661,c43,"(224000, 224000)","(147456, 147456)","(311296, 311296)",[]
661,c44,"(224000, 224000)","(147456, 147456)","(311296, 311296)",[]
661,c45,"(224000, 224000)","(147456, 147456)","(311296, 311296)",[]
661,c46,"(224000, 224000)","(147456, 147456)","(311296, 311296)",[]
661,c47,"(224000, 224000)","(147456, 147456)","(311296, 311296)",[]
661,c48,"(224000, 224000)","(147456, 147456)","(311296, 311296)",[]
661,c49,"(224000, 224000)","(147456, 147456)","(311296, 311296)",[]
661,c50,"(224000, 224000)","(147456, 147456)","(311296, 311296)",[]
721,c0,"(224000, 224000)","(147456, 147456)","(311296, 311296)",[]
721,c1,"(224000, 224000)","(147456, 147456)","(311296, 311296)",[]
721,c2,"(224000, 224000)","(147456, 147456)","(311296, 311296)",[]
721,c3,"(224000, 224000)","(147456, 147456)","(311296, 311296)",[]
721,c4,"(224000, 224000)","(147456, 147456)","(311296, 311296)",[]
721,c5,"(224000, 224000)","(147456, 147456)","(311296, 311296)",[]
721,c6,"(224000, 377)","(147456, 32746)","(311296, 81998)","['v52', 'v40', 'v84', 'v66', 'v62', 'v28', 'v64']"
721,c7,"(224000, 224000)","(147456, 147456)","(311296, 311296)",[]
721,c8,"(224000, 224000)","(147456, 147456)","(311296, 311296)",[]
721,c9,"(224000, 224000)","(147456, 147456)","(311296, 311296)",[]
721,c10,"(224000, 224000)","(147456, 147456)","(311296, 311296)",[]
721,c11,"(224000, 224000)","(147456, 147456)","(311296, 311296)",[]
721,c12,"(224000, 224000)","(147456, 147456)","(311296, 311296)",[]
721,c13,"(224000, 224000)","(147456, 147456)","(311296, 311296)",[]
721,c14,"(224000, 224000)","(147456, 147456)","(311296, 311296)",[]
721,c15,"(224000, 224000)","(147456, 147456)","(311296, 311296)",[]
721,c16,"(224000, 224000)","(147456, 147456)","(311296, 311296)",[]
721,c17,"(224000, 224000)","(147456, 147456)","(311296, 311296)",[]
721,c18,"(224000, 224000)","(147456, 147456)","(311296, 311296)",[]
721,c19,"(224000, 224000)","(147456, 147456)","(311296, 311296)",[]
721,c20,"(224000, 224000)","(147456, 147456)","(311296, 311296)",[]
721,c21,"(224000, 224000)","(147456, 147456)","(311296, 311296)",[]
721,c22,"(224000, 224000)","(147456, 147456)","(311296, 311296)",[]
721,c23,"(224000, 224000)","(147456, 147456)","(311296, 311296)",[]
721,c24,"(224000, 224000)","(147456, 147456)","(311296, 311296)",[]
721,c25,"(224000, 224000)","(147456, 147456)","(311296, 311296)",[]
721,c26,"(224000, 224000)","(147456, 147456)","(311296, 311296)",[]
721,c27,"(224000, 224000)","(147456, 147456)","(311296, 311296)",[]
721,c28,"(224000, 224000)","(147456, 147456)","(311296, 311296)",[]
721,c29,"(224000, 224000)","(147456, 147456)","(311296, 311296)",[]
721,c30,"(224000, 224000)","(147456, 147456)","(311296, 311296)",[]
721,c31,"(224000, 224000)","(147456, 147456)","(311296, 311296)",[]
721,c32,"(224000, 224000)","(147456, 147456)","(311296, 311296)",[]
721,c33,"(224000, 224000)","(147456, 147456)","(311296, 311296)",[]
721,c34,"(224000, 224000)","(147456, 147456)","(311296, 311296)",[]
721,c35,"(224000, 224000)","(147456, 147456)","(311296, 311296)",[]
721,c36,"(224000, 224000)","(147456, 147456)","(311296, 311296)",[]
721,c37,"(224000, 224000)","(147456, 147456)","(311296, 311296)",[]
721,c38,"(224000, 224000)","(147456, 147456)","(311296, 311296)",[]
721,c39,"(224000, 224000)","(147456, 147456)","(311296, 311296)",[]
721,c40,"(224000, 224000)","(147456, 147456)","(311296, 311296)",[]
721,c41,"(224000, 224000)","(147456, 147456)","(311296, 311296)",[]
721,c42,"(224000, 224000)","(147456, 147456)","(311296, 311296)",[]
721,c43,"(224000, 224000)","(147456, 147456)","(311296, 311296)",[]
721,c44,"(224000, 224000)","(147456, 147456)","(311296, 311296)",[]
721,c45,"(224000, 224000)","(147456, 147456)","(311296, 311296)",[]
721,c46,"(224000, 224000)","(147456, 147456)","(311296, 311296)",[]
721,c47,"(224000, 140034)","(147456, 56472)","(311296, 151788)","['v22', 'v18', 'v3', 'v17', 'v2', 'v78', 'v10', 'v23']"
721,c48,"(224000, 224000)","(147456, 147456)","(311296, 311296)",[]
721,c49,"(224000, 224000)","(147456, 147456)","(311296, 311296)",[]
721,c50,"(224000, 224000)","(147456, 147456)","(311296, 311296)",[]
781,c0,"(224000, 224000)","(147456, 147456)","(311296, 311296)",[]
781,c1,"(224000, 224000)","(147456, 147456)","(311296, 311296)",[]
781,c2,"(224000, 224000)","(147456, 147456)","(311296, 311296)",[]
781,c3,"(224000, 224000)","(147456, 147456)","(311296, 311296)",[]
781,c4,"(224000, 224000)","(147456, 147456)","(311296, 311296)",[]
781,c5,"(224000, 224000)","(147456, 147456)","(311296, 311296)",[]
781,c6,"(224000, 224000)","(147456, 147456)","(311296, 311296)",[]
781,c7,"(224000, 224000)","(147456, 147456)","(311296, 311296)",[]
781,c8,"(224000, 224000)","(147456, 147456)","(311296, 311296)",[]
781,c9,"(224000, 224000)","(147456, 147456)","(311296, 311296)",[]
781,c10,"(224000, 224000)","(147456, 147456)","(311296, 311296)",[]
781,c11,"(224000, 224000)","(147456, 147456)","(311296, 311296)",[]
781,c12,"(224000, 224000)","(147456, 147456)","(311296, 311296)",[]
781,c13,"(224000, 224000)","(147456, 147456)","(311296, 311296)",[]
781,c14,"(224000, 224000)","(147456, 147456)","(311296, 311296)",[]
781,c15,"(224000, 224000)","(147456, 147456)","(311296, 311296)",[]
781,c16,"(224000, 224000)","(147456, 147456)","(311296, 311296)",[]
781,c17,"(224000, 224000)","(147456, 147456)","(311296, 311296)",[]
781,c18,"(224000, 224000)","(147456, 147456)","(311296, 311296)",[]
781,c19,"(224000, 224000)","(147456, 147456)","(311296, 311296)",[]
781,c20,"(224000, 224000)","(147456, 147456)","(311296, 311296)",[]
781,c21,"(224000, 224000)","(147456, 147456)","(311296, 311296)",[]
781,c22,"(224000, 224000)","(147456, 147456)","(311296, 311296)",[]
781,c23,"(224000, 224000)","(147456, 147456)","(311296, 311296)",[]
781,c24,"(224000, 224000)","(147456, 147456)","(311296, 311296)",[]
781,c25,"(224000, 224000)","(147456, 147456)","(311296, 311296)",[]
781,c26,"(224000, 224000)","(147456, 147456)","(311296, 311296)",[]
781,c27,"(224000, 224000)","(147456, 147456)","(311296, 311296)",[]
781,c28,"(224000, 224000)","(147456, 147456)","(311296, 311296)",[]
781,c29,"(224000, 224000)","(147456, 147456)","(311296, 311296)",[]
781,c30,"(224000, 224000)","(147456, 147456)","(311296, 311296)",[]
781,c31,"(224000, 224000)","(147456, 147456)","(311296, 311296)",[]
781,c32,"(224000, 224000)","(147456, 147456)","(311296, 311296)",[]
781,c33,"(224000, 224000)","(147456, 147456)","(311296, 311296)",[]
781,c34,"(224000, 224000)","(147456, 147456)","(311296, 311296)",[]
781,c35,"(224000, 224000)","(147456, 147456)","(311296, 311296)",[]
781,c36,"(224000, 224000)","(147456, 147456)","(311296, 311296)",[]
781,c37,"(224000, 224000)","(147456, 147456)","(311296, 311296)",[]
781,c38,"(224000, 224000)","(147456, 147456)","(311296, 311296)",[]
781,c39,"(224000, 224000)","(147456, 147456)","(311296, 311296)",[]
781,c40,"(224000, 224000)","(147456, 147456)","(311296, 311296)",[]
781,c41,"(224000, 36711)","(147456, 7163)","(311296, 3501)","['v52', 'v40', 'v84', 'v62', 'v21', 'v97', 'v20', 'v58', 'v29', 'v86', 'v55']"
781,c42,"(224000, 208018)","(147456, 131039)","(311296, 245718)",['v56']
781,c43,"(224000, 224000)","(147456, 147456)","(311296, 311296)",[]
781,c44,"(224000, 224000)","(147456, 147456)","(311296, 311296)",[]
781,c45,"(224000, 224000)","(147456, 147456)","(311296, 311296)",[]
781,c46,"(224000, 224000)","(147456, 147456)","(311296, 311296)",[]
781,c47,"(224000, 224000)","(147456, 147456)","(311296, 311296)",[]
781,c48,"(224000, 224000)","(147456, 147456)","(311296, 311296)",[]
781,c49,"(224000, 224000)","(147456, 147456)","(311296, 311296)",[]
781,c50,"(224000, 224000)","(147456, 147456)","(311296, 311296)",[]
841,c0,"(224000, 224000)","(147456, 147456)","(311296, 311296)",[]
841,c1,"(224000, 224000)","(147456, 147456)","(311296, 311296)",[]
841,c2,"(224000, 224000)","(147456, 147456)","(311296, 311296)",[]
841,c3,"(224000, 224000)","(147456, 147456)","(311296, 311296)",[]
841,c4,"(224000, 224000)","(147456, 147456)","(311296, 311296)",[]
841,c5,"(224000, 224000)","(147456, 147456)","(311296, 311296)",[]
841,c6,"(224000, 224000)","(147456, 147456)","(311296, 311296)",[]
841,c7,"(224000, 172252)","(147456, 111555)","(311296, 208883)","['v40', 'v21', 'v20']"
841,c8,"(224000, 224000)","(147456, 147456)","(311296, 311296)",[]
841,c9,"(224000, 224000)","(147456, 147456)","(311296, 311296)",[]
841,c10,"(224000, 224000)","(147456, 147456)","(311296, 311296)",[]
841,c11,"(224000, 224000)","(147456, 147456)","(311296, 311296)",[]
841,c12,"(224000, 224000)","(147456, 147456)","(311296, 311296)",[]
841,c13,"(224000, 224000)","(147456, 147456)","(311296, 311296)",[]
841,c14,"(224000, 224000)","(147456, 147456)","(311296, 311296)",[]
841,c15,"(224000, 224000)","(147456, 147456)","(311296, 311296)",[]
841,c16,"(224000, 224000)","(147456, 147456)","(311296, 311296)",[]
841,c17,"(224000, 224000)","(147456, 147456)","(311296, 311296)",[]
841,c18,"(224000, 224000)","(147456, 147456)","(311296, 311296)",[]
841,c19,"(224000, 224000)","(147456, 147456)","(311296, 311296)",[]
841,c20,"(224000, 224000)","(147456, 147456)","(311296, 311296)",[]
841,c21,"(224000, 224000)","(147456, 147456)","(311296, 311296)",[]
841,c22,"(224000, 224000)","(147456, 147456)","(311296, 311296)",[]
841,c23,"(224000, 224000)","(147456, 147456)","(311296, 311296)",[]
841,c24,"(224000, 224000)","(147456, 147456)","(311296, 311296)",[]
841,c25,"(224000, 224000)","(147456, 147456)","(311296, 311296)",[]
841,c26,"(224000, 224000)","(147456, 147456)","(311296, 311296)",[]
841,c27,"(224000, 224000)","(147456, 147456)","(311296, 311296)",[]
841,c28,"(224000, 224000)","(147456, 147456)","(311296, 311296)",[]
841,c29,"(224000, 224000)","(147456, 147456)","(311296, 311296)",[]
841,c30,"(224000, 224000)","(147456, 147456)","(311296, 311296)",[]
841,c31,"(224000, 224000)","(147456, 147456)","(311296, 311296)",[]
841,c32,"(224000, 224000)","(147456, 147456)","(311296, 311296)",[]
841,c33,"(224000, 224000)","(147456, 147456)","(311296, 311296)",[]
841,c34,"(224000, 224000)","(147456, 147456)","(311296, 311296)",[]
841,c35,"(224000, 224000)","(147456, 147456)","(311296, 311296)",[]
841,c36,"(224000, 224000)","(147456, 147456)","(311296, 311296)",[]
841,c37,"(224000, 224000)","(147456, 147456)","(311296, 311296)",[]
841,c38,"(224000, 224000)","(147456, 147456)","(311296, 311296)",[]
841,c39,"(224000, 224000)","(147456, 147456)","(311296, 311296)",[]
841,c40,"(224000, 224000)","(147456, 147456)","(311296, 311296)",[]
841,c41,"(224000, 224000)","(147456, 147456)","(311296, 311296)",[]
841,c42,"(224000, 224000)","(147456, 147456)","(311296, 311296)",[]
841,c43,"(224000, 224000)","(147456, 147456)","(311296, 311296)",[]
841,c44,"(224000, 224000)","(147456, 147456)","(311296, 311296)",[]
841,c45,"(224000, 224000)","(147456, 147456)","(311296, 311296)",[]
841,c46,"(224000, 224000)","(147456, 147456)","(311296, 311296)",[]
841,c47,"(224000, 224000)","(147456, 147456)","(311296, 311296)",[]
841,c48,"(224000, 224000)","(147456, 147456)","(311296, 311296)",[]
841,c49,"(224000, 224000)","(147456, 147456)","(311296, 311296)",[]
841,c50,"(224000, 224000)","(147456, 147456)","(311296, 311296)",[]
